6.71,10.0940001
6.34,15.1170001
6.09,20.1559999
5.84,25.1789999
5.59,30.21799994
5.22,35.25600004
4.97,40.29500008
4.6,45.31800008
4.24,50.35699987
3.99,55.39599991
3.87,60.41899991
3.27,65.45799994
2.91,70.49699998
2.79,75.51999998
2.31,80.55900002
1.83,85.59800005
1.6,90.62100005
1.13,95.66000009
0.78,100.6989999
0.55,105.7219999
-0.03,110.7609999
-0.49,115.799
-0.6,120.823
-1.05,125.8610001
-1.51,130.9000001
-1.84,135.9230001
-2.18,140.9619999
-2.73,146.0009999
-3.06,151.0239999
-3.6,156.063
-4.04,161.102
-4.57,166.141
-4.78,171.164
-5.1,176.2030001
-5.52,181.2409999
-5.84,186.2650001
-6.25,191.3039999
-6.66,196.342
-6.97,201.3659999
-7.48,206.404
-7.98,211.4430001
-8.18,216.4660001
-8.58,221.5049999
-9.07,226.5439999
-9.16,231.5669999
-9.55,236.6059999
-10.13,241.645
-10.32,246.668
-10.6,251.707
-11.17,256.7460001
-11.26,261.7690001
-11.82,266.8080001
-12.09,271.846
-12.46,276.885
-12.64,281.924
-13,286.9630001
-13.53,292.0020001
-13.71,297.0250001
-14.06,302.0639999
-14.49,307.1029999
-14.58,312.1259999
-15,317.165
-15.34,322.2030001
-15.51,327.227
-16.01,332.2650001
-16.26,337.3039999
-16.43,342.3269999
-16.84,347.3659999
-17,352.405
-17.16,357.428
-17.48,362.467
-17.8,367.506
-17.96,372.529
-18.28,377.5680001
-18.67,382.6069999
-18.91,387.6299999
-19.14,392.6689999
-19.37,397.707
-19.68,402.7460001
-19.83,407.7690001
-20.06,412.8080001
-20.36,417.8469999
-20.59,422.8699999
-20.82,427.9089999
-20.97,432.948
-21.04,437.971
-21.34,443.01
-21.71,448.049
-21.79,453.072
-22.08,458.1110001
-22.3,463.1500001
-22.45,468.1730001
-22.67,473.2119999
-22.96,478.25
-23.04,483.2739999
-23.26,488.312
-23.62,493.3510001
-23.7,498.3740001
-23.84,503.4130001
-24.06,508.4519999
-24.21,513.4749999
-24.5,518.5139999
-24.65,523.553
-25.01,528.592
-25.09,533.615
-25.23,538.654
-25.45,543.6930001
-25.6,548.7160001
-25.82,553.7549999
-26.05,558.793
-26.12,563.8169999
-26.27,568.855
-26.64,573.8940001
-26.72,578.9170001
-26.87,583.9560001
-27.17,588.9949999
-27.25,594.0179999
-27.48,599.0569999
-27.63,604.096
-27.71,609.119
-28.02,614.158
-28.25,619.197
-28.33,624.22
-28.57,629.2590001
-28.73,634.2969999
-28.81,639.3210001
-29.05,644.3599999
-29.21,649.398
-29.37,654.437
-29.54,659.46
-29.7,664.4990001
-29.95,669.5380001
-30.04,674.5610001
-30.2,679.5999999
-29.95,684.654
-29.7,689.678
-29.13,694.7160001
-28.49,699.7549999
-28.18,704.7779999
-27.56,709.8169999
-26.87,714.8559999
-26.49,719.8789999
-25.75,724.918
-24.79,729.957
-24.43,734.98
-23.26,740.0190001
-22.38,745.0580001
-21.93,750.0810001
-20.89,755.1199999
-19.83,760.1589999
-19.29,765.1819999
-18.04,770.221
-17.08,775.2590001
-15.68,780.2980001
-15.09,785.3210001
-13.79,790.3599999
-12.64,795.3989999
-11.91,800.438
-10.51,805.477
-8.87,810.5150001
-8.38,815.539
-7.17,820.5769999
-5.42,825.6159999
-4.68,830.6389999
-3.39,835.678
-1.84,840.717
-1.05,845.74
0.32,850.779
1.6,855.8180001
2.19,860.8410001
3.63,865.8799999
5.34,870.9189999
6.09,875.9419999
7.22,880.9809999
8.5,886.02
9.28,891.043
10.59,896.082
11.93,901.1199999
13.16,906.1589999
13.71,911.1819999
14.55,916.221
15.69,921.26
16.27,926.283
17.15,931.322
18.35,936.3610001
19.12,941.4000001
19.9,946.438
20.7,951.477
21.18,956.5
22.18,961.539
23.03,966.5780001
23.2,971.6010001
24.26,976.6400001
24.99,981.6789999
25.17,986.7019999
25.92,991.7409999
26.7,996.78
27.29,1001.803
28.11,1006.842
28.31,1011.881
28.95,1016.919
28.95,1021.943
29.6,1026.981
29.82,1032.02
30.26,1037.043
30.49,1042.082
30.95,1047.121
30.95,1052.144
31.65,1057.183
32.13,1062.222
32.38,1067.245
32.87,1072.284
33.38,1077.323
33.64,1082.346
34.16,1087.385
34.97,1092.423
34.97,1097.447
35.52,1102.486
36.08,1107.524
36.66,1112.548
37.25,1117.586
37.55,1122.625
38.17,1127.648
38.79,1132.687
39.77,1137.726
40.1,1142.765
40.1,1147.788
41.12,1152.827
41.47,1157.866
41.83,1162.889
42.19,1167.928
42.55,1172.966
42.92,1177.99
43.67,1183.028
44.06,1188.067
44.06,1193.09
44.45,1198.129
44.45,1203.168
44.84,1208.191
44.84,1213.23
45.24,1218.269
45.65,1223.292
46.06,1228.331
46.48,1233.37
46.06,1238.393
46.48,1243.432
46.91,1248.471
46.91,1253.494
47.34,1258.533
47.34,1263.571
47.77,1268.61
48.21,1273.633
48.21,1278.672
48.21,1283.711
48.66,1288.734
48.66,1293.773
48.66,1298.812
49.12,1303.835
49.12,1308.874
49.58,1313.913
50.05,1318.936
49.58,1324.006
49.58,1329.06
50.05,1334.084
50.05,1339.122
49.58,1344.161
50.05,1349.184
50.05,1354.223
50.05,1359.262
49.58,1364.285
50.05,1369.324
49.58,1374.363
50.05,1379.386
49.58,1384.425
49.58,1389.464
50.05,1394.502
49.58,1399.526
49.12,1404.564
49.12,1409.603
49.12,1414.626
48.66,1419.665
48.21,1424.704
48.21,1429.727
47.77,1434.766
47.34,1439.805
47.34,1444.828
46.48,1449.867
46.06,1454.906
46.06,1459.929
45.65,1464.968
45.24,1470.007
44.84,1475.03
44.84,1480.069
44.06,1485.107
43.67,1490.131
43.67,1495.169
43.29,1500.208
43.29,1505.231
42.55,1510.27
42.55,1515.309
41.83,1520.348
41.47,1525.371
40.78,1530.41
40.44,1535.449
40.1,1540.472
40.1,1545.511
39.11,1550.549
39.11,1555.573
38.48,1560.612
38.17,1565.65
37.55,1570.674
37.25,1575.712
36.66,1580.751
36.66,1585.774
36.08,1590.813
35.52,1595.852
35.24,1600.875
34.97,1605.914
34.43,1610.953
34.16,1615.976
34.16,1621.015
33.38,1626.054
33.13,1631.077
32.62,1636.116
32.38,1641.154
31.89,1646.193
31.65,1651.216
31.18,1656.255
30.72,1661.294
30.26,1666.317
30.04,1671.356
29.38,1676.395
29.16,1681.418
28.73,1686.457
28.31,1691.496
27.9,1696.519
27.49,1701.558
27.09,1706.597
26.7,1711.62
26.12,1716.659
25.92,1721.697
25.55,1726.721
24.99,1731.759
24.62,1736.798
24.44,1741.821
23.9,1746.86
23.37,1751.899
23.2,1756.922
22.68,1761.961
22.34,1767
21.68,1772.039
21.35,1777.062
21.02,1782.101
20.53,1787.14
20.37,1792.163
19.74,1797.202
19.12,1802.272
19.12,1807.295
18.5,1812.334
17.75,1817.372
17.75,1822.396
17.15,1827.434
16.71,1832.473
16.42,1837.496
15.69,1842.535
15.41,1847.574
15.12,1852.597
14.69,1857.636
14.13,1862.675
14.13,1867.698
13.44,1872.737
12.75,1877.776
12.2,1882.814
12.2,1887.838
11.66,1892.877
10.99,1897.915
10.73,1902.939
10.33,1907.977
9.93,1913.016
9.8,1918.039
9.28,1923.078
8.63,1928.117
8.37,1933.14
7.73,1938.179
7.35,1943.218
7.09,1948.241
6.59,1953.28
5.96,1958.319
5.71,1963.342
5.34,1968.381
4.85,1973.419
4.6,1978.443
4.24,1983.481
3.51,1988.52
3.27,1993.543
2.91,1998.582
2.55,2003.621
1.95,2008.66
1.72,2013.683
1.25,2018.722
0.78,2023.761
0.55,2028.784
0.2,2033.823
-0.37,2038.862
-0.49,2043.885
-1.05,2048.924
-1.62,2053.962
-1.84,2058.986
-2.06,2064.024
-2.73,2069.063
-2.84,2074.086
-3.17,2079.125
-3.6,2084.164
-3.93,2089.187
-4.36,2094.226
-4.89,2099.265
-5,2104.288
-5.31,2109.327
-5.84,2114.366
-6.04,2119.389
-6.46,2124.428
-6.97,2129.467
-7.38,2134.505
-7.68,2139.529
-7.98,2144.567
-8.28,2149.606
-8.58,2154.629
-8.87,2159.668
-9.16,2164.707
-9.36,2169.73
-9.65,2174.769
-10.13,2179.808
-10.42,2184.831
-10.79,2189.87
-11.17,2194.909
-11.35,2199.932
-11.72,2204.971
-12.09,2210.009
-12.27,2215.033
-12.55,2220.071
-12.91,2225.11
-13.08,2230.133
-13.35,2235.172
-13.79,2240.211
-13.97,2245.234
-14.23,2250.273
-14.58,2255.312
-14.92,2260.351
-15,2265.374
-15.34,2270.413
-15.6,2275.452
-15.68,2280.475
-16.01,2285.514
-16.26,2290.552
-16.51,2295.576
-16.76,2300.614
-17,2305.653
-17.24,2310.676
-17.48,2315.715
-17.88,2320.754
-17.96,2325.777
-18.2,2330.816
-18.44,2335.855
-18.67,2340.878
-18.83,2345.917
-19.06,2350.956
-19.06,2355.979
-19.37,2361.018
-19.68,2366.057
-19.76,2371.08
-19.98,2376.119
-20.21,2381.157
-20.44,2386.196
-20.59,2391.219
-20.89,2396.258
-21.19,2401.297
-21.26,2406.32
-21.49,2411.359
-21.71,2416.398
-21.79,2421.421
-21.93,2426.46
-22.3,2431.499
-22.3,2436.522
-22.52,2441.561
-22.67,2446.599
-22.89,2451.623
-23.11,2456.661
-23.33,2461.7
-23.4,2466.724
-23.7,2471.762
-23.91,2476.801
-23.99,2481.824
-24.13,2486.863
-24.28,2491.902
-24.35,2496.925
-24.65,2501.964
-24.94,2507.003
-25.09,2512.042
-25.23,2517.065
-25.38,2522.104
-25.45,2527.142
-25.68,2532.166
-25.9,2537.204
-26.05,2542.243
-26.12,2547.266
-26.34,2552.305
-26.57,2557.344
-26.64,2562.367
-26.95,2567.406
-27.02,2572.445
-27.1,2577.468
-27.25,2582.507
-27.48,2587.546
-27.56,2592.569
-27.71,2597.608
-27.94,2602.647
-28.02,2607.67
-28.25,2612.709
-28.49,2617.747
-28.57,2622.771
-28.65,2627.809
-28.89,2632.848
-29.05,2637.887
-29.21,2642.91
-29.29,2647.949
-29.62,2652.988
-29.62,2658.011
-29.79,2663.05
-30.04,2668.089
-30.04,2673.112
-29.87,2678.151
-29.29,2683.189
-28.97,2688.213
-28.33,2693.252
-27.71,2698.29
-27.4,2703.314
-26.64,2708.337
-25.82,2713.376
-25.45,2718.399
-24.5,2723.438
-23.84,2728.476
-23.33,2733.5
-22.3,2738.538
-21.19,2743.577
-20.67,2748.6
-19.45,2753.639
-18.52,2758.678
-17.4,2763.717
-16.76,2768.74
-15.43,2773.779
-14.14,2778.818
-13.35,2783.841
-11.91,2788.88
-10.7,2793.918
-9.94,2798.942
-8.48,2803.981
-7.07,2809.019
-6.46,2814.043
-4.89,2819.081
-3.6,2824.12
-2.73,2829.143
-0.94,2834.182
0.2,2839.221
0.78,2844.244
2.43,2849.283
3.99,2854.322
4.72,2859.345
6.09,2864.384
7.09,2869.423
8.5,2874.461
9.02,2879.485
10.33,2884.523
11.66,2889.562
12.34,2894.585
13.44,2899.624
14.55,2904.663
15.12,2909.686
15.98,2914.725
17,2919.764
17.6,2924.787
18.5,2929.826
19.58,2934.865
20.06,2939.888
20.86,2944.927
21.84,2949.966
22.18,2954.989
23.03,2960.028
24.08,2965.066
24.44,2970.09
24.99,2975.128
25.92,2980.167
26.12,2985.19
26.89,2990.229
27.49,2995.268
28.11,3000.307
28.52,3005.33
28.95,3010.369
29.38,3015.408
30.26,3020.431
30.72,3025.47
31.18,3030.508
31.41,3035.532
32.13,3040.571
32.87,3045.609
33.13,3050.633
34.16,3055.671
34.69,3060.71
35.24,3065.733
35.52,3070.772
36.37,3075.811
36.66,3080.834
37.25,3085.873
38.17,3090.912
38.17,3095.935
39.11,3100.974
39.44,3106.013
39.77,3111.036
40.44,3116.075
40.78,3121.113
41.12,3126.152
41.47,3131.175
42.19,3136.214
42.19,3141.253
42.55,3146.276
42.55,3151.315
43.67,3156.354
43.67,3161.377
43.67,3166.416
44.45,3171.455
44.45,3176.478
44.84,3181.517
45.24,3186.556
45.24,3191.579
45.65,3196.618
46.06,3201.656
46.06,3206.68
46.06,3211.718
46.48,3216.757
46.91,3221.78
46.91,3226.819
47.34,3231.858
47.34,3236.881
47.34,3241.92
47.77,3246.959
48.21,3251.998
48.21,3257.021
48.66,3262.06
48.66,3267.099
48.66,3272.122
48.66,3277.161
48.66,3282.199
49.12,3287.223
49.58,3292.261
49.58,3297.3
49.58,3302.323
50.05,3307.362
50.05,3312.417
50.05,3317.455
50.05,3322.494
50.05,3327.533
50.05,3332.556
50.53,3337.595
50.05,3342.634
50.05,3347.657
50.53,3352.696
50.05,3357.735
50.05,3362.758
50.05,3367.797
50.05,3372.836
50.05,3377.874
50.05,3382.898
50.05,3387.936
50.05,3392.975
49.58,3397.998
49.58,3403.037
49.58,3408.076
48.66,3413.099
48.66,3418.138
48.21,3423.177
48.21,3428.2
47.77,3433.239
46.91,3438.278
46.91,3443.301
46.91,3448.34
46.48,3453.378
46.06,3458.402
45.65,3463.44
45.24,3468.479
44.84,3473.502
44.45,3478.541
44.06,3483.58
43.67,3488.603
44.06,3493.642
43.29,3498.681
42.92,3503.72
42.55,3508.743
42.19,3513.782
41.83,3518.821
41.12,3523.844
40.78,3528.883
40.44,3533.921
40.1,3538.945
39.77,3543.983
39.11,3549.022
39.11,3554.045
38.48,3559.084
37.86,3564.123
37.86,3569.146
37.25,3574.185
36.37,3579.224
36.66,3584.247
36.08,3589.286
35.52,3594.325
35.24,3599.348
34.69,3604.387
34.43,3609.426
34.43,3614.449
33.64,3619.488
33.13,3624.526
33.13,3629.565
32.62,3634.588
32.38,3639.627
31.89,3644.666
31.41,3649.689
30.95,3654.728
30.72,3659.767
30.49,3664.79
29.6,3669.829
29.16,3674.868
28.95,3679.891
28.52,3684.93
27.9,3689.968
27.7,3694.992
27.29,3700.03
26.7,3705.069
26.31,3710.092
25.92,3715.131
25.55,3720.17
25.17,3725.193
24.62,3730.232
24.08,3735.271
23.9,3740.294
23.55,3745.333
23.03,3750.372
22.51,3755.411
22.34,3760.434
21.68,3765.473
21.35,3770.511
21.02,3775.535
20.53,3780.573
20.06,3785.612
19.9,3790.635
19.43,3795.674
18.81,3800.713
18.5,3805.736
18.05,3810.775
17.75,3815.814
17.45,3820.837
17,3825.876
16.42,3830.915
16.13,3835.938
15.69,3840.977
15.26,3846.016
14.98,3851.039
14.41,3856.078
13.99,3861.116
13.57,3866.14
13.16,3871.178
12.75,3876.217
12.2,3881.256
12.07,3886.279
11.66,3891.318
10.86,3896.357
10.73,3901.38
10.33,3906.419
9.93,3911.458
9.8,3916.481
9.15,3921.52
8.76,3926.558
8.5,3931.582
8.11,3936.62
7.6,3941.659
7.35,3946.683
6.71,3951.721
6.34,3956.76
6.09,3961.783
5.46,3966.822
4.97,3971.861
4.72,3976.884
4.24,3981.923
3.75,3986.962
3.27,3992.001
3.03,3997.024
2.67,4002.063
2.31,4007.101
1.83,4012.125
1.48,4017.163
0.78,4022.202
0.66,4027.225
0.43,4032.264
0.09,4037.303
-0.14,4042.326
-0.6,4047.365
-1.17,4052.404
-1.28,4057.427
-1.62,4062.466
-2.29,4067.505
-2.51,4072.528
-2.95,4077.567
-3.39,4082.606
-3.6,4087.629
-3.93,4092.668
-4.25,4097.706
-4.46,4102.73
-5,4107.768
-5.52,4112.807
-5.84,4117.846
-5.94,4122.869
-6.46,4127.908
-6.87,4132.947
-6.97,4137.97
-7.48,4143.009
-7.88,4148.048
-8.08,4153.071
-8.38,4158.11
-8.87,4163.148
-9.07,4168.172
-9.36,4173.211
-9.75,4178.249
-10.03,4183.273
-10.23,4188.311
-10.51,4193.35
-10.6,4198.373
-10.89,4203.412
-11.35,4208.451
-11.54,4213.474
-11.91,4218.513
-12.18,4223.552
-12.36,4228.575
-12.64,4233.614
-12.91,4238.653
-13.35,4243.691
-13.53,4248.715
-13.79,4253.753
-14.14,4258.792
-14.32,4263.815
-14.66,4268.854
-14.92,4273.893
-15,4278.916
-15.43,4283.955
-15.6,4288.994
-15.76,4294.017
-16.01,4299.056
-16.35,4304.095
-16.59,4309.118
-16.92,4314.157
-17.16,4319.196
-17.24,4324.219
-17.48,4329.258
-17.8,4334.296
-17.96,4339.32
-18.2,4344.358
-18.28,4349.397
-18.44,4354.42
-18.75,4359.459
-18.98,4364.498
-19.22,4369.537
-19.45,4374.56
-19.68,4379.599
-19.91,4384.638
-19.98,4389.661
-20.21,4394.7
-20.36,4399.739
-20.51,4404.762
-20.74,4409.801
-21.04,4414.839
-21.04,4419.863
-21.26,4424.901
-21.56,4429.94
-21.71,4434.963
-21.86,4440.002
-22.15,4445.041
-22.23,4450.064
-22.45,4455.103
-22.6,4460.142
-22.82,4465.165
-22.96,4470.204
-23.18,4475.243
-23.26,4480.266
-23.4,4485.305
-23.7,4490.328
-23.91,4495.367
-23.91,4500.39
-24.13,4505.429
-24.35,4510.467
-24.5,4515.491
-24.65,4520.53
-24.94,4525.568
-25.01,4530.592
-25.16,4535.63
-25.31,4540.669
-25.45,4545.692
-25.68,4550.716
-25.97,4555.754
-26.05,4560.778
-26.12,4565.816
-26.27,4570.855
-26.42,4575.878
-26.57,4580.917
-26.8,4585.956
-26.95,4590.979
-27.1,4596.018
-27.25,4601.057
-27.33,4606.08
-27.56,4611.119
-27.71,4616.158
-27.94,4621.196
-28.02,4626.22
-28.18,4631.259
-28.33,4636.297
-28.49,4641.321
-28.57,4646.359
-28.81,4651.398
-28.89,4656.421
-29.05,4661.46
-29.29,4666.499
-29.37,4671.522
-29.62,4676.561
-29.79,4681.6
-29.79,4686.623
-30.04,4691.662
-30.12,4696.685
-30.04,4701.724
-29.54,4706.763
-29.05,4711.801
-28.73,4716.825
-28.1,4721.863
-27.33,4726.902
-26.95,4731.925
-26.12,4736.964
-25.16,4742.003
-24.28,4747.042
-23.91,4752.065
-22.96,4757.104
-21.93,4762.143
-21.56,4767.166
-20.59,4772.205
-19.22,4777.244
-18.67,4782.267
-17.56,4787.306
-16.35,4792.344
-15.6,4797.368
-14.23,4802.406
-12.91,4807.445
-12.18,4812.468
-10.79,4817.507
-9.65,4822.546
-8.87,4827.569
-7.38,4832.608
-5.63,4837.647
-4.78,4842.67
-3.71,4847.709
-2.06,4852.748
-1.51,4857.771
-0.03,4862.81
1.6,4867.849
2.79,4872.887
3.51,4877.911
4.85,4882.949
6.21,4887.988
6.84,4893.011
8.24,4898.05
9.41,4903.089
9.93,4908.112
11.26,4913.151
12.61,4918.19
13.16,4923.213
13.99,4928.252
14.98,4933.291
15.55,4938.314
16.86,4943.353
17.6,4948.376
18.05,4953.399
19.12,4958.438
20.06,4963.477
20.53,4968.5
21.35,4973.539
22.01,4978.578
22.51,4983.601
23.2,4988.64
24.08,4993.678
24.99,4998.717
25.36,5003.74
26.31,5008.779
27.09,5013.818
27.09,5018.841
27.9,5023.88
28.52,5028.919
28.73,5033.942
29.6,5038.981
30.04,5044.02
30.49,5049.043
31.18,5054.082
31.89,5059.12
32.38,5064.144
33.13,5069.182
33.9,5074.221
34.43,5079.244
34.97,5084.283
35.52,5089.322
36.08,5094.345
36.66,5099.384
37.25,5104.423
37.55,5109.446
37.86,5114.485
39.11,5119.524
39.44,5124.563
39.44,5129.586
40.44,5134.625
40.44,5139.663
40.78,5144.687
41.12,5149.725
41.83,5154.764
41.83,5159.787
42.19,5164.826
42.92,5169.865
43.29,5174.888
43.29,5179.927
43.67,5184.966
44.06,5189.989
44.06,5195.028
44.84,5200.067
44.84,5205.09
44.84,5210.129
45.24,5215.168
45.65,5220.191
46.06,5225.23
46.06,5230.268
46.48,5235.292
46.06,5240.33
46.48,5245.369
46.91,5250.392
47.34,5255.416
46.91,5260.454
47.34,5265.493
47.77,5270.516
47.77,5275.555
48.21,5280.594
48.21,5285.617
48.21,5290.656
48.66,5295.695
48.66,5300.718
49.12,5305.757
49.12,5310.796
49.12,5315.819
49.58,5320.858
49.58,5325.897
49.58,5330.92
49.58,5335.959
49.58,5340.997
50.05,5346.021
50.05,5351.091
50.05,5356.145
50.53,5361.168
50.05,5366.207
50.05,5371.246
50.53,5376.285
50.53,5381.308
50.53,5386.347
50.53,5391.385
50.53,5396.409
50.53,5401.447
50.53,5406.486
50.53,5411.509
50.53,5416.548
50.05,5421.587
50.05,5426.61
50.53,5431.649
50.05,5436.688
49.58,5441.711
49.58,5446.75
49.12,5451.789
49.58,5456.812
49.12,5461.851
48.21,5466.89
48.21,5471.913
47.77,5476.952
47.34,5481.99
46.9,5487.029
46.48,5492.052
46.48,5497.091
45.65,5502.13
45.65,5507.153
45.24,5512.192
44.84,5517.231
44.45,5522.254
44.06,5527.293
44.06,5532.332
43.67,5537.355
43.29,5542.394
43.29,5547.433
42.92,5552.456
42.55,5557.495
41.83,5562.533
41.47,5567.557
40.78,5572.595
40.44,5577.634
40.1,5582.657
39.77,5587.696
39.11,5592.735
38.79,5597.758
38.48,5602.797
38.17,5607.836
37.55,5612.875
37.25,5617.898
36.66,5622.937
36.08,5627.975
35.8,5632.999
35.52,5638.037
34.97,5643.076
34.69,5648.099
34.43,5653.138
33.9,5658.177
33.64,5663.2
33.13,5668.239
32.62,5673.278
32.62,5678.301
32.13,5683.34
31.65,5688.379
31.41,5693.402
30.95,5698.441
30.49,5703.48
30.04,5708.503
29.6,5713.542
28.95,5718.58
28.95,5723.604
28.31,5728.642
28.11,5733.681
27.7,5738.72
27.29,5743.743
26.5,5748.782
26.12,5753.821
25.92,5758.844
25.55,5763.883
24.99,5768.922
24.8,5773.945
24.26,5778.984
23.55,5784.023
23.2,5789.046
23.03,5794.085
22.51,5799.123
22.34,5804.147
21.68,5809.185
21.18,5814.224
21.02,5819.247
20.22,5824.286
19.74,5829.325
19.58,5834.348
19.27,5839.387
18.81,5844.41
18.5,5849.433
18.05,5854.472
17.45,5859.511
17,5864.55
16.86,5869.573
16.13,5874.612
15.55,5879.651
15.41,5884.674
14.98,5889.713
14.41,5894.752
14.27,5899.775
13.71,5904.814
13.3,5909.852
13.02,5914.876
12.61,5919.914
12.07,5924.953
11.93,5929.976
11.39,5935.015
10.99,5940.054
10.86,5945.077
10.2,5950.116
9.67,5955.155
9.41,5960.178
9.02,5965.217
8.5,5970.256
8.24,5975.279
7.6,5980.318
7.22,5985.356
6.84,5990.38
6.59,5995.403
6.09,6000.442
5.59,6005.481
5.34,6010.504
4.85,6015.543
4.48,6020.581
4.24,6025.605
3.75,6030.643
3.27,6035.682
3.03,6040.705
2.55,6045.744
2.07,6050.783
1.72,6055.806
1.36,6060.845
1.01,6065.884
0.66,6070.907
0.43,6075.946
-0.26,6080.985
-0.37,6086.008
-0.71,6091.047
-1.17,6096.085
-1.51,6101.109
-1.95,6106.148
-2.4,6111.186
-2.73,6116.225
-3.06,6121.248
-3.39,6126.287
-3.71,6131.326
-4.04,6136.349
-4.36,6141.388
-4.89,6146.411
-5.1,6151.434
-5.42,6156.473
-5.73,6161.512
-5.94,6166.535
-6.25,6171.574
-6.77,6176.613
-6.97,6181.636
-7.38,6186.675
-7.68,6191.714
-7.98,6196.737
-8.28,6201.776
-8.77,6206.814
-8.87,6211.838
-9.26,6216.876
-9.65,6221.915
-9.84,6226.939
-10.03,6231.977
-10.32,6237.016
-10.7,6242.055
-10.79,6247.078
-11.17,6252.117
-11.54,6257.156
-11.72,6262.179
-12.09,6267.218
-12.36,6272.257
-12.55,6277.28
-12.82,6282.319
-13.26,6287.357
-13.35,6292.381
-13.79,6297.419
-14.06,6302.458
-14.14,6307.481
-14.4,6312.52
-14.83,6317.559
-14.92,6322.582
-15.26,6327.621
-15.43,6332.66
-15.6,6337.683
-15.93,6342.722
-16.18,6347.761
-16.35,6352.784
-16.67,6357.823
-16.92,6362.862
-17.24,6367.9
-17.4,6372.924
-17.64,6377.962
-17.88,6383.001
-18.04,6388.024
-18.28,6393.063
-18.67,6398.102
-18.75,6403.125
-18.91,6408.164
-19.14,6413.203
-19.22,6418.226
-19.45,6423.265
-19.76,6428.304
-19.83,6433.327
-20.14,6438.366
-20.44,6443.404
-20.51,6448.428
-20.74,6453.467
-20.97,6458.505
-21.12,6463.529
-21.34,6468.567
-21.64,6473.606
-21.71,6478.629
-21.93,6483.668
-22.08,6488.707
-22.3,6493.746
-22.45,6498.769
-22.6,6503.808
-22.82,6508.847
-22.96,6513.87
-23.11,6518.909
-23.33,6523.947
-23.48,6528.971
-23.62,6534.009
-23.77,6539.048
-23.99,6544.071
-24.13,6549.11
-24.43,6554.149
-24.57,6559.172
-24.72,6564.211
-24.79,6569.25
-24.94,6574.273
-25.09,6579.312
-25.31,6584.351
-25.45,6589.374
-25.6,6594.413
-25.75,6599.452
-25.97,6604.475
-26.12,6609.514
-26.34,6614.552
-26.42,6619.591
-26.57,6624.614
-26.64,6629.653
-26.95,6634.692
-27.02,6639.715
-27.17,6644.754
-27.25,6649.793
-27.48,6654.816
-27.63,6659.855
-27.79,6664.894
-27.94,6669.917
-28.1,6674.956
-28.33,6679.995
-28.49,6685.018
-28.65,6690.057
-28.81,6695.095
-28.89,6700.119
-28.97,6705.157
-29.21,6710.196
-29.29,6715.219
-29.54,6720.258
-29.7,6725.297
-29.87,6730.32
-30.04,6735.359
-30.2,6740.382
-29.87,6745.437
-29.62,6750.46
-28.97,6755.499
-28.33,6760.537
-28.02,6765.561
-27.33,6770.599
-26.49,6775.638
-25.97,6780.661
-25.16,6785.7
-24.35,6790.739
-23.84,6795.762
-22.74,6800.801
-21.86,6805.84
-21.49,6810.863
-20.36,6815.902
-18.91,6820.941
-18.52,6825.964
-17.32,6831.003
-16.01,6836.042
-15.34,6841.065
-14.14,6846.104
-13,6851.142
-12.09,6856.166
-10.79,6861.204
-9.26,6866.243
-7.88,6871.282
-7.17,6876.305
-5.84,6881.344
-4.25,6886.383
-3.49,6891.406
-2.06,6896.429
-0.49,6901.468
0.09,6906.491
1.25,6911.53
2.79,6916.569
3.51,6921.592
4.72,6926.631
6.21,6931.67
7.09,6936.693
8.37,6941.732
9.67,6946.771
10.2,6951.794
11.39,6956.833
12.75,6961.871
13.44,6966.895
14.27,6971.933
15.26,6976.972
15.84,6981.995
17,6987.034
17.9,6992.057
18.81,6997.096
18.96,7002.119
20.06,7007.158
20.86,7012.197
21.51,7017.22
22.51,7022.259
23.03,7027.298
23.55,7032.321
24.44,7037.36
25.36,7042.399
25.92,7047.422
26.5,7052.461
26.89,7057.5
27.09,7062.523
28.11,7067.562
28.73,7072.6
29.38,7077.624
30.04,7082.662
30.72,7087.701
31.18,7092.724
31.89,7097.763
32.62,7102.802
33.13,7107.825
33.9,7112.864
34.69,7117.903
35.24,7122.942
35.52,7127.965
36.37,7133.004
36.95,7138.043
37.25,7143.066
37.86,7148.105
38.17,7153.143
38.79,7158.167
39.11,7163.205
39.77,7168.244
40.1,7173.267
40.44,7178.306
40.78,7183.345
41.12,7188.368
41.47,7193.407
42.19,7198.446
42.19,7203.469
42.55,7208.492
42.92,7213.531
43.29,7218.554
43.67,7223.593
44.06,7228.632
44.06,7233.655
44.45,7238.694
44.84,7243.733
45.24,7248.772
45.24,7253.795
45.24,7258.834
45.65,7263.872
45.65,7268.896
46.48,7273.934
46.48,7278.973
46.48,7283.996
47.34,7289.035
46.91,7294.074
47.34,7299.097
47.34,7304.136
47.34,7309.175
47.34,7314.198
47.77,7319.237
47.77,7324.276
48.21,7329.299
48.66,7334.338
48.66,7339.376
49.12,7344.4
49.12,7349.438
49.12,7354.477
49.12,7359.501
49.58,7364.539
49.58,7369.578
49.58,7374.617
50.05,7379.64
49.58,7384.726
50.05,7389.78
50.05,7394.803
50.05,7399.842
50.05,7404.881
50.53,7409.904
50.05,7414.943
50.05,7419.982
50.05,7425.005
50.05,7430.044
50.53,7435.083
50.05,7440.106
50.05,7445.145
50.05,7450.183
50.05,7455.207
50.05,7460.245
49.58,7465.284
49.58,7470.307
49.12,7475.346
49.12,7480.385
48.66,7485.424
48.66,7490.447
48.21,7495.486
47.77,7500.509
47.34,7505.532
47.77,7510.571
46.91,7515.594
46.91,7520.618
46.06,7525.656
45.65,7530.695
45.24,7535.718
45.24,7540.757
44.45,7545.796
44.45,7550.819
44.06,7555.842
43.67,7560.881
43.29,7565.904
43.29,7570.943
42.55,7575.982
42.92,7581.005
42.19,7586.044
41.47,7591.083
41.12,7596.106
40.78,7601.145
40.1,7606.184
40.1,7611.207
39.77,7616.246
39.11,7621.285
38.17,7626.323
38.17,7631.347
37.55,7636.385
37.25,7641.424
36.95,7646.447
36.37,7651.486
35.8,7656.509
35.52,7661.533
35.24,7666.571
34.97,7671.61
34.43,7676.633
34.16,7681.672
33.9,7686.711
33.64,7691.734
33.13,7696.773
32.62,7701.812
32.13,7706.835
31.65,7711.874
31.18,7716.913
30.95,7721.936
30.49,7726.975
30.04,7732.014
29.6,7737.037
29.16,7742.076
28.73,7747.114
28.31,7752.153
27.9,7757.176
27.49,7762.215
26.89,7767.254
26.7,7772.277
26.31,7777.316
25.55,7782.355
25.55,7787.378
24.99,7792.417
24.44,7797.456
24.08,7802.479
23.73,7807.518
23.2,7812.556
23.03,7817.58
22.51,7822.619
22.01,7827.657
21.68,7832.681
21.18,7837.719
20.53,7842.758
20.37,7847.781
20.06,7852.82
19.43,7857.859
19.12,7862.882
18.96,7867.921
18.35,7872.96
17.75,7877.999
17.75,7883.022
17.15,7888.061
16.56,7893.099
16.42,7898.123
15.84,7903.161
15.41,7908.2
15.12,7913.223
14.84,7918.262
14.13,7923.301
13.99,7928.324
13.44,7933.363
13.02,7938.402
12.75,7943.425
12.34,7948.464
11.66,7953.503
11.39,7958.526
10.99,7963.565
10.59,7968.604
10.33,7973.627
9.8,7978.666
9.15,7983.704
9.02,7988.728
8.63,7993.766
7.99,7998.805
7.47,8003.844
7.35,8008.867
6.97,8013.906
6.21,8018.945
6.09,8023.968
5.59,8029.007
4.97,8034.046
4.85,8039.069
4.48,8044.108
3.87,8049.147
3.63,8054.17
3.39,8059.209
2.79,8064.247
2.55,8069.271
1.95,8074.309
1.48,8079.348
1.25,8084.371
0.78,8089.41
0.43,8094.449
0.32,8099.472
-0.14,8104.495
-0.49,8109.534
-0.71,8114.557
-1.17,8119.596
-1.73,8124.635
-1.95,8129.674
-2.29,8134.697
-2.73,8139.736
-3.17,8144.775
-3.39,8149.798
-3.71,8154.837
-4.25,8159.876
-4.57,8164.899
-4.89,8169.938
-5.21,8174.976
-5.42,8180
-5.94,8185.038
-6.25,8190.077
-6.46,8195.1
-6.87,8200.139
-7.38,8205.178
-7.58,8210.201
-7.98,8215.24
-8.28,8220.279
-8.48,8225.302
-8.87,8230.341
-9.16,8235.38
-9.4,8240.418
-9.65,8245.442
-10.13,8250.48
-10.42,8255.519
-10.42,8260.542
-10.79,8265.581
-11.17,8270.62
-11.45,8275.643
-11.72,8280.682
-12.09,8285.721
-12.18,8290.744
-12.64,8295.783
-13,8300.822
-13.08,8305.845
-13.44,8310.884
-13.79,8315.923
-13.79,8320.946
-14.06,8325.985
-14.4,8331.023
-14.58,8336.047
-14.92,8341.085
-15.26,8346.124
-15.34,8351.147
-15.6,8356.186
-15.85,8361.225
-16.18,8366.264
-16.35,8371.287
-16.59,8376.326
-16.92,8381.365
-17,8386.388
-17.4,8391.427
-17.56,8396.466
-17.64,8401.489
-17.96,8406.512
-18.28,8411.566
-18.36,8416.59
-18.67,8421.628
-18.83,8426.667
-18.98,8431.69
-19.22,8436.729
-19.53,8441.768
-19.6,8446.791
-19.83,8451.83
-20.14,8456.869
-20.21,8461.892
-20.44,8466.931
-20.67,8471.97
-20.74,8476.993
-20.97,8482.032
-21.19,8487.07
-21.49,8492.109
-21.56,8497.133
-21.79,8502.171
-22.08,8507.21
-22.3,8512.233
-22.38,8517.272
-22.6,8522.311
-22.74,8527.334
-22.89,8532.373
-23.11,8537.412
-23.26,8542.435
-23.48,8547.474
-23.7,8552.513
-23.77,8557.536
-23.99,8562.575
-24.13,8567.613
-24.21,8572.637
-24.43,8577.675
-24.57,8582.714
-24.65,8587.737
-24.94,8592.776
-25.09,8597.815
-25.16,8602.838
-25.38,8607.877
-25.53,8612.916
-25.75,8617.955
-25.75,8622.978
-26.05,8628.017
-26.2,8633.056
-26.27,8638.079
-26.49,8643.118
-26.64,8648.156
-26.8,8653.18
-26.95,8658.218
-27.1,8663.257
-27.25,8668.28
-27.48,8673.319
-27.56,8678.358
-27.71,8683.381
-27.79,8688.42
-28.1,8693.459
-28.18,8698.482
-28.41,8703.521
-28.57,8708.56
-28.65,8713.583
-28.81,8718.622
-28.97,8723.66
-29.13,8728.684
-29.29,8733.723
-29.54,8738.761
-29.7,8743.8
-29.7,8748.823
-29.79,8753.862
-30.12,8758.901
-30.12,8763.924
-30.04,8768.963
-29.54,8774.002
-29.21,8779.025
-28.49,8784.064
-27.86,8789.103
-27.48,8794.126
-26.8,8799.165
-25.97,8804.203
-25.45,8809.227
-24.5,8814.265
-23.7,8819.304
-23.26,8824.327
-22.15,8829.366
-21.34,8834.405
-20.82,8839.428
-19.53,8844.467
-18.12,8849.506
-17.56,8854.529
-16.35,8859.568
-15.09,8864.607
-13.79,8869.646
-13.17,8874.669
-11.72,8879.708
-10.13,8884.746
-9.75,8889.77
-8.28,8894.808
-6.97,8899.847
-6.25,8904.87
-4.78,8909.909
-3.17,8914.948
-2.4,8919.971
-0.71,8925.01
0.78,8930.049
1.25,8935.072
2.43,8940.111
4.11,8945.15
4.72,8950.173
6.09,8955.212
7.47,8960.251
8.11,8965.274
9.28,8970.313
10.46,8975.351
10.86,8980.375
12.34,8985.413
13.3,8990.452
14.41,8995.491
14.98,9000.514
16.13,9005.553
17.15,9010.576
17.6,9015.599
18.5,9020.638
19.27,9025.677
19.74,9030.7
20.7,9035.739
21.68,9040.778
22.18,9045.801
23.03,9050.84
23.73,9055.879
24.44,9060.902
25.17,9065.941
25.92,9070.98
26.12,9076.003
26.89,9081.042
27.49,9086.08
27.9,9091.104
28.52,9096.142
29.38,9101.181
29.82,9106.204
30.49,9111.243
31.41,9116.282
32.38,9121.321
32.62,9126.344
33.64,9131.383
34.16,9136.422
34.43,9141.445
35.24,9146.484
35.8,9151.522
36.08,9156.546
36.95,9161.584
37.55,9166.623
38.17,9171.646
38.17,9176.685
38.79,9181.724
39.11,9186.747
39.44,9191.786
40.1,9196.825
40.44,9201.848
40.78,9206.887
41.12,9211.926
41.83,9216.949
42.19,9221.988
42.19,9227.027
42.55,9232.05
42.92,9237.089
43.29,9242.127
43.67,9247.166
43.67,9252.189
44.06,9257.228
44.45,9262.267
44.45,9267.29
44.84,9272.329
44.84,9277.368
45.24,9282.391
45.65,9287.43
46.06,9292.469
46.06,9297.492
46.48,9302.531
46.91,9307.57
46.91,9312.593
46.91,9317.632
46.91,9322.67
47.34,9327.694
47.77,9332.732
47.77,9337.771
48.21,9342.794
47.77,9347.833
48.66,9352.872
48.21,9357.895
48.66,9362.934
48.66,9367.973
49.12,9373.012
49.12,9378.035
49.58,9383.074
49.58,9388.112
49.12,9393.136
49.58,9398.174
50.05,9403.213
50.05,9408.268
50.05,9413.307
50.53,9418.345
50.05,9423.369
50.05,9428.407
50.53,9433.446
50.05,9438.469
50.05,9443.508
50.05,9448.547
50.05,9453.57
50.05,9458.593
50.05,9463.632
50.53,9468.655
50.05,9473.694
50.05,9478.733
50.05,9483.756
49.58,9488.795
49.58,9493.834
49.58,9498.873
49.12,9503.896
49.12,9508.935
48.21,9513.973
48.21,9518.997
48.21,9524.036
47.77,9529.074
47.34,9534.098
47.34,9539.136
46.48,9544.175
46.48,9549.198
45.65,9554.237
45.65,9559.276
45.24,9564.299
44.84,9569.338
44.45,9574.377
44.45,9579.4
44.06,9584.439
43.29,9589.478
43.29,9594.501
42.92,9599.54
42.55,9604.578
42.19,9609.602
41.47,9614.64
41.12,9619.679
40.44,9624.718
40.44,9629.741
40.1,9634.78
39.44,9639.819
39.11,9644.842
38.48,9649.881
38.17,9654.92
37.55,9659.943
37.25,9664.982
36.66,9670.021
36.66,9675.044
35.8,9680.083
35.52,9685.121
35.24,9690.145
34.69,9695.183
34.16,9700.222
34.16,9705.245
33.64,9710.284
33.13,9715.323
32.87,9720.346
32.38,9725.385
32.13,9730.424
3,9735.463
31.41,9740.501
30.72,9745.54
30.49,9750.579
30.04,9755.602
29.6,9760.641
29.16,9765.68
29.16,9770.703
28.52,9775.742
27.9,9780.781
27.49,9785.804
27.09,9790.843
26.7,9795.882
26.12,9800.905
25.92,9805.944
25.17,9810.982
24.99,9816.006
24.44,9821.044
23.9,9826.083
23.55,9831.106
23.2,9836.145
22.68,9841.184
22.51,9846.207
22.01,9851.246
21.51,9856.285
20.86,9861.324
20.53,9866.347
20.22,9871.386
19.74,9876.425
19.43,9881.448
18.81,9886.487
18.35,9891.525
18.35,9896.549
17.75,9901.587
17.3,9906.611
17,9911.634
16.56,9916.673
16.13,9921.711
15.84,9926.735
15.26,9931.773
14.69,9936.812
14.55,9941.835
14.13,9946.874
13.57,9951.913
13.3,9956.936
12.75,9961.975
12.34,9967.014
12.07,9972.037
11.8,9977.076
11.26,9982.115
10.86,9987.154
10.73,9992.177
10.06,9997.216
9.67,10002.254
9.41,10007.278
9.02,10012.316
8.63,10017.355
8.37,10022.378
7.86,10027.417
7.22,10032.456
6.97,10037.479
6.34,10042.518
5.84,10047.557
5.59,10052.58
5.22,10057.619
4.85,10062.658
4.48,10067.681
4.24,10072.72
3.75,10077.758
3.39,10082.782
2.91,10087.82
2.43,10092.859
2.31,10097.883
1.72,10102.921
1.36,10107.96
0.78,10112.999
0.55,10118.022
-0.03,10123.061
-0.49,10128.1
-0.71,10133.123
-1.05,10138.162
-1.39,10143.201
-1.51,10148.224
-2.06,10153.263
-2.4,10158.301
-2.62,10163.325
-3.06,10168.363
-3.6,10173.402
-3.71,10178.425
-4.04,10183.464
-4.46,10188.503
-4.57,10193.526
-5,10198.565
-5.52,10203.604
-5.73,10208.627
-5.94,10213.666
-6.46,10218.705
-6.77,10223.728
-7.07,10228.767
-7.48,10233.806
-7.78,10238.844
-7.98,10243.868
-8.48,10248.906
-8.77,10253.945
-8.97,10258.968
-9.26,10264.007
-9.75,10269.046
-9.94,10274.069
-10.23,10279.108
-10.6,10284.147
-10.7,10289.17
-11.08,10294.209
-11.45,10299.248
-11.63,10304.271
-11.91,10309.31
-12.27,10314.348
-12.46,10319.372
-12.64,10324.411
-13,10329.449
-13.08,10334.473
-13.53,10339.511
-13.88,10344.55
-14.06,10349.573
-14.23,10354.612
-14.66,10359.651
-14.92,10364.69
-15,10369.713
-15.34,10374.752
-15.68,10379.791
-15.76,10384.814
-16.01,10389.853
-16.35,10394.891
-16.51,10399.915
-16.67,10404.953
-17.08,10409.992
-17.24,10415.015
-17.48,10420.054
-17.8,10425.093
-17.96,10430.116
-18.04,10435.155
-18.36,10440.194
-18.52,10445.217
-18.75,10450.256
-18.98,10455.295
-19.14,10460.318
-19.37,10465.357
-19.6,10470.396
-19.76,10475.419
-19.91,10480.458
-20.21,10485.496
-20.44,10490.535
-20.51,10495.558
-20.89,10500.597
-21.12,10505.636
-21.19,10510.659
-21.26,10515.698
-21.49,10520.737
-21.64,10525.76
-21.79,10530.799
-22.08,10535.838
-22.23,10540.861
-22.45,10545.9
-22.6,10550.939
-22.67,10555.962
-22.89,10560.985
-23.11,10566.024
-23.18,10571.047
-23.4,10576.086
-23.55,10581.125
-23.77,10586.148
-23.99,10591.187
-24.06,10596.225
-24.21,10601.249
-24.43,10606.287
-24.65,10611.326
-24.87,10616.365
-24.94,10621.388
-25.09,10626.427
-25.31,10631.466
-25.45,10636.489
-25.68,10641.528
-25.82,10646.567
-25.75,10651.59
-25.97,10656.629
-26.2,10661.668
-26.34,10666.691
-26.49,10671.73
-26.72,10676.768
-26.8,10681.792
-26.87,10686.83
-27.1,10691.869
-27.17,10696.892
-27.4,10701.931
-27.56,10706.97
-27.63,10711.993
-27.86,10717.032
-28.02,10722.071
-28.1,10727.094
-28.33,10732.133
-28.57,10737.172
-28.73,10742.21
-28.81,10747.234
-28.97,10752.272
-29.13,10757.311
-29.13,10762.334
-29.37,10767.373
-29.54,10772.412
-29.7,10777.435
-29.79,10782.474
-30.04,10787.513
-30.12,10792.536
-30.04,10797.575
-29.46,10802.614
-29.21,10807.637
-28.49,10812.66
-27.86,10817.699
-27.48,10822.722
-26.64,10827.761
-25.97,10832.8
-25.45,10837.823
-24.5,10842.862
-23.77,10847.901
-23.18,10852.924
-22.23,10857.963
-21.12,10863.001
-20.21,10868.04
-19.68,10873.063
-18.28,10878.102
-17.16,10883.141
-16.59,10888.164
-15.51,10893.203
-13.97,10898.242
-13.26,10903.265
-11.91,10908.304
-10.42,10913.343
-9.75,10918.366
-8.38,10923.405
-6.77,10928.444
-6.04,10933.467
-4.46,10938.506
-3.17,10943.544
-2.62,10948.568
-1.05,10953.606
0.55,10958.645
1.36,10963.668
3.03,10968.707
4.36,10973.746
4.85,10978.769
6.21,10983.808
7.22,10988.847
8.63,10993.886
9.41,10998.909
10.46,11003.948
11.8,11008.987
12.2,11014.01
13.44,11019.049
14.55,11024.087
15.12,11029.111
15.98,11034.149
17.15,11039.188
17.6,11044.211
18.66,11049.25
19.43,11054.289
19.9,11059.312
20.7,11064.351
21.68,11069.39
22.01,11074.413
22.86,11079.452
23.9,11084.491
24.44,11089.514
25.36,11094.553
25.92,11099.591
26.31,11104.615
27.29,11109.653
27.9,11114.677
28.52,11119.716
28.95,11124.739
29.6,11129.778
30.26,11134.816
30.72,11139.84
31.65,11144.878
32.62,11149.917
32.87,11154.94
33.64,11159.979
34.43,11165.018
34.69,11170.041
35.24,11175.08
35.8,11180.119
36.37,11185.142
36.95,11190.181
37.25,11195.22
37.55,11200.243
38.17,11205.282
38.79,11210.32
39.11,11215.344
39.77,11220.382
40.1,11225.421
40.44,11230.445
40.44,11235.483
41.12,11240.522
41.47,11245.561
41.83,11250.584
42.19,11255.623
42.55,11260.662
42.55,11265.685
43.29,11270.724
43.67,11275.763
43.67,11280.786
44.06,11285.825
44.06,11290.863
44.45,11295.887
44.84,11300.925
45.65,11305.964
45.24,11310.987
45.65,11316.026
46.06,11321.065
46.06,11326.088
46.48,11331.127
46.91,11336.166
46.48,11341.189
46.91,11346.228
47.34,11351.267
46.91,11356.29
47.34,11361.329
47.77,11366.368
47.77,11371.406
48.21,11376.43
48.21,11381.468
48.21,11386.507
48.21,11391.53
48.66,11396.569
49.12,11401.608
48.66,11406.631
49.12,11411.67
49.58,11416.693
50.05,11421.716
50.05,11426.786
49.58,11431.841
49.58,11436.864
50.05,11441.903
49.58,11446.942
49.58,11451.965
50.05,11457.004
50.05,11462.043
49.58,11467.066
50.05,11472.105
50.05,11477.143
49.58,11482.182
50.05,11487.205
49.58,11492.244
49.58,11497.283
49.58,11502.306
49.58,11507.345
49.58,11512.384
49.12,11517.407
49.12,11522.446
48.66,11527.485
48.66,11532.508
48.66,11537.547
48.21,11542.585
47.77,11547.609
46.91,11552.647
46.48,11557.686
46.48,11562.709
46.06,11567.748
45.65,11572.787
45.65,11577.81
44.84,11582.849
44.45,11587.888
44.45,11592.911
44.06,11597.95
43.67,11602.989
43.29,11608.028
42.92,11613.051
42.55,11618.09
42.19,11623.128
41.83,11628.152
41.12,11633.19
40.78,11638.229
40.78,11643.252
40.44,11648.291
39.44,11653.33
39.44,11658.353
38.79,11663.392
38.17,11668.431
37.86,11673.454
37.55,11678.493
36.95,11683.532
36.66,11688.555
36.37,11693.594
35.52,11698.633
35.52,11703.656
34.97,11708.679
34.16,11713.718
33.9,11718.741
33.64,11723.78
33.38,11728.819
32.87,11733.857
32.62,11738.881
32.13,11743.919
31.65,11748.958
31.18,11753.981
30.95,11759.02
30.49,11764.059
30.26,11769.082
29.82,11774.121
28.95,11779.16
28.73,11784.183
28.31,11789.222
27.9,11794.261
27.7,11799.284
27.09,11804.323
26.5,11809.362
26.5,11814.385
25.73,11819.424
25.36,11824.462
24.99,11829.486
24.44,11834.524
24.08,11839.563
23.9,11844.586
23.37,11849.625
22.86,11854.664
22.18,11859.703
22.01,11864.726
21.51,11869.765
21.18,11874.804
20.86,11879.827
20.37,11884.866
19.9,11889.904
19.58,11894.928
18.96,11899.966
18.66,11905.005
18.2,11910.028
17.75,11915.067
17.3,11920.106
17,11925.129
16.56,11930.168
16.13,11935.207
15.84,11940.23
15.26,11945.269
14.69,11950.308
14.55,11955.331
14.13,11960.37
13.85,11965.409
13.44,11970.432
12.88,11975.471
12.34,11980.509
11.8,11985.548
11.53,11990.571
11.26,11995.61
10.59,12000.649
10.46,12005.672
9.93,12010.711
9.54,12015.75
9.41,12020.773
8.76,12025.812
8.24,12030.851
8.11,12035.874
7.47,12040.913
7.09,12045.952
6.84,12050.975
6.34,12056.014
5.96,12061.052
5.71,12066.076
5.09,12071.114
4.6,12076.153
4.48,12081.176
3.99,12086.215
3.63,12091.254
3.51,12096.277
3.03,12101.316
2.43,12106.355
1.95,12111.394
1.72,12116.417
1.36,12121.456
1.01,12126.494
0.78,12131.518
0.2,12136.556
-0.14,12141.595
-0.37,12146.619
-0.94,12151.657
-1.28,12156.696
-1.39,12161.719
-1.95,12166.743
-2.4,12171.781
-2.62,12176.805
-3.06,12181.843
-3.28,12186.882
-3.49,12191.905
-4.04,12196.944
-4.46,12201.983
-4.68,12207.006
-4.89,12212.045
-5.21,12217.084
-5.52,12222.107
-5.94,12227.146
-6.46,12232.185
-6.87,12237.223
-7.07,12242.247
-7.48,12247.285
-7.88,12252.324
-7.98,12257.348
-8.38,12262.386
-8.77,12267.425
-8.87,12272.448
-9.26,12277.472
-9.65,12282.51
-9.94,12287.534
-10.32,12292.572
-10.6,12297.611
-10.7,12302.634
-11.08,12307.673
-11.35,12312.712
-11.54,12317.735
-11.82,12322.774
-12.18,12327.813
-12.36,12332.836
-12.64,12337.875
-13,12342.914
-13.17,12347.937
-13.35,12352.976
-13.79,12358.014
-14.23,12363.053
-14.32,12368.076
-14.49,12373.115
-14.75,12378.154
-14.92,12383.177
-15.17,12388.216
-15.6,12393.255
-15.76,12398.278
-16.01,12403.317
-16.26,12408.356
-16.43,12413.379
-16.67,12418.418
-16.92,12423.457
-17,12428.48
-17.24,12433.519
-17.56,12438.557
-17.72,12443.581
-17.96,12448.619
-18.28,12453.658
-18.44,12458.681
-18.59,12463.72
-18.83,12468.759
-18.98,12473.782
-19.22,12478.821
-19.45,12483.86
-19.68,12488.899
-19.91,12493.922
-20.06,12498.961
-20.36,12504
-20.51,12509.023
-20.82,12514.062
-20.97,12519.1
-21.04,12524.124
-21.19,12529.162
-21.49,12534.201
-21.56,12539.224
-21.79,12544.263
-22.08,12549.302
-22.08,12554.325
-22.3,12559.364
-22.52,12564.403
-22.67,12569.426
-22.89,12574.465
-23.11,12579.504
-23.11,12584.527
-23.4,12589.566
-23.55,12594.604
-23.7,12599.628
-23.99,12604.667
-24.13,12609.705
-24.35,12614.744
-24.43,12619.767
-24.65,12624.806
-24.87,12629.845
-24.94,12634.868
-25.16,12639.907
-25.31,12644.946
-25.38,12649.969
-25.6,12655.008
-25.75,12660.047
-25.75,12665.07
-25.97,12670.109
-26.27,12675.147
-26.27,12680.171
-26.57,12685.209
-26.64,12690.248
-26.64,12695.271
-26.95,12700.31
-27.17,12705.349
-27.25,12710.372
-27.4,12715.411
-27.63,12720.45
-27.63,12725.473
-27.86,12730.512
-28.02,12735.551
-28.25,12740.59
-28.41,12745.613
-28.49,12750.652
-28.57,12755.69
-28.65,12760.714
-28.97,12765.752
-29.13,12770.791
-29.13,12775.814
-29.37,12780.853
-29.62,12785.892
-29.7,12790.915
-29.87,12795.954
-30.04,12800.993
-30.04,12806.016
-30.04,12811.055
-29.46,12816.094
-29.21,12821.117
-28.57,12826.156
-27.94,12831.195
-27.63,12836.218
-26.87,12841.257
-26.05,12846.295
-25.6,12851.319
-24.65,12856.357
-23.62,12861.396
-22.74,12866.435
-22.23,12871.458
-21.26,12876.497
-20.14,12881.536
-19.45,12886.559
-18.2,12891.598
-17.24,12896.637
-16.59,12901.66
-15.34,12906.699
-14.14,12911.737
-13.35,12916.761
-12,12921.799
-10.51,12926.838
-9.94,12931.861
-8.48,12936.9
-7.07,12941.939
-6.35,12946.962
-4.68,12952.001
-3.17,12957.04
-2.62,12962.063
-0.83,12967.102
0.43,12972.141
1.13,12977.164
2.91,12982.203
3.99,12987.242
5.22,12992.28
5.96,12997.304
7.47,13002.342
8.76,13007.381
9.28,13012.404
10.33,13017.443
11.8,13022.482
12.2,13027.505
13.57,13032.544
14.55,13037.583
15.26,13042.606
16.13,13047.645
17,13052.684
17.75,13057.707
18.66,13062.746
19.27,13067.785
19.9,13072.808
20.7,13077.847
21.51,13082.885
22.18,13087.909
23.2,13092.947
23.9,13097.986
24.08,13103.009
25.17,13108.048
26.12,13113.087
26.89,13118.126
27.09,13123.149
27.7,13128.188
28.52,13133.227
28.95,13138.25
29.6,13143.289
30.49,13148.327
30.95,13153.351
31.65,13158.389
32.62,13163.428
32.87,13168.452
33.9,13173.49
34.16,13178.529
34.69,13183.552
35.52,13188.591
36.37,13193.63
36.37,13198.653
37.25,13203.692
37.25,13208.731
37.86,13213.754
38.17,13218.793
38.79,13223.832
39.11,13228.855
39.77,13233.894
40.1,13238.932
40.44,13243.971
40.78,13248.994
41.12,13254.033
41.83,13259.072
41.83,13264.095
42.55,13269.134
42.55,13274.173
42.92,13279.196
43.29,13284.235
43.29,13289.274
43.67,13294.297
44.06,13299.336
44.45,13304.375
44.45,13309.398
44.84,13314.437
44.84,13319.475
45.24,13324.499
45.65,13329.537
46.06,13334.576
45.65,13339.599
46.48,13344.638
46.91,13349.677
46.91,13354.7
46.91,13359.739
46.91,13364.762
46.91,13369.801
47.34,13374.824
47.77,13379.863
47.77,13384.902
48.21,13389.925
48.21,13394.964
48.21,13400.003
48.66,13405.026
48.66,13410.065
49.12,13415.104
49.12,13420.127
49.12,13425.166
49.12,13430.204
49.58,13435.228
49.58,13440.266
50.05,13445.305
